epoch_0batch_0_input,14562.87
epoch_1batch_1_input,12429.805
epoch_2batch_2_input,5599.334
epoch_3batch_3_input,8977.053
epoch_4batch_4_input,8121.1978
epoch_5batch_5_input,12424.867
epoch_6batch_6_input,12429.403
epoch_7batch_7_input,14386.933
epoch_8batch_8_input,6890.6196
epoch_9batch_9_input,7214.3984
epoch_10batch_10_input,7299.132
epoch_11batch_11_input,14564.229
epoch_12batch_12_input,12433.584
epoch_13batch_13_input,13356.636
epoch_14batch_14_input,7396.5156
epoch_15batch_15_input,6108.6196
epoch_16batch_16_input,8123.8115
epoch_17batch_17_input,7131.992
epoch_18batch_18_input,7117.8076
epoch_19batch_19_input,6791.8164
epoch_20batch_20_input,14991.487
epoch_21batch_21_input,7443.845
epoch_22batch_22_input,8129.2593
epoch_23batch_23_input,14996.974
epoch_24batch_24_input,6994.8594
epoch_25batch_25_input,7145.6123
epoch_26batch_26_input,8124.5093
epoch_27batch_27_input,7371.7236
epoch_28batch_28_input,8828.851
epoch_29batch_29_input,13390.7705
epoch_30batch_30_input,11004.967
epoch_31batch_31_input,12430.443
epoch_32batch_32_input,7504.0757
epoch_33batch_33_input,5548.591
epoch_34batch_34_input,12434.286
epoch_35batch_35_input,13377.026
epoch_36batch_36_input,7764.2695
epoch_37batch_37_input,7916.575
epoch_38batch_38_input,7326.798
epoch_39batch_39_input,8120.2188
epoch_40batch_40_input,14994.982
epoch_41batch_41_input,7763.332
epoch_42batch_42_input,7244.724
epoch_43batch_43_input,14563.817
epoch_44batch_44_input,7390.651
epoch_45batch_45_input,13366.928
epoch_46batch_46_input,14560.317
epoch_47batch_47_input,5550.135
epoch_48batch_48_input,7315.693
epoch_49batch_49_input,7764.827
epoch_50batch_50_input,7133.689
epoch_51batch_51_input,14994.516
epoch_52batch_52_input,14386.974
epoch_53batch_53_input,7282.292
epoch_54batch_54_input,6882.2188
epoch_55batch_55_input,11051.295
epoch_56batch_56_input,14993.683
epoch_57batch_57_input,12436.778
epoch_58batch_58_input,6851.5806
epoch_59batch_59_input,7080.5703
epoch_60batch_60_input,8117.1064
epoch_61batch_61_input,14990.56
epoch_62batch_62_input,8122.444
epoch_63batch_63_input,7308.8584
epoch_64batch_0_input,6498.663
epoch_65batch_1_input,6789.2354
epoch_66batch_2_input,6958.1587
epoch_67batch_3_input,5890.958
epoch_68batch_4_input,6456.1577
epoch_69batch_5_input,9603.181
epoch_70batch_6_input,5891.596
epoch_71batch_7_input,9641.309
epoch_72batch_8_input,6057.6895
epoch_73batch_9_input,8677.021
epoch_74batch_10_input,6182.7603
epoch_75batch_11_input,5571.4116
epoch_76batch_12_input,6491.014
epoch_77batch_13_input,5255.777
epoch_78batch_14_input,13107.55
epoch_79batch_15_input,5246.5776
epoch_80batch_16_input,6429.392
epoch_81batch_17_input,5723.335
epoch_82batch_18_input,6485.6826
epoch_83batch_19_input,6522.1685
epoch_84batch_20_input,13104.408
epoch_85batch_21_input,6044.878
epoch_86batch_22_input,13600.6875
epoch_87batch_23_input,4333.644
epoch_88batch_24_input,6492.6416
epoch_89batch_25_input,6490.8354
epoch_90batch_26_input,4334.5215
epoch_91batch_27_input,6880.858
epoch_92batch_28_input,4333.6855
epoch_93batch_29_input,6526.1978
epoch_94batch_30_input,5252.312
epoch_95batch_31_input,6418.4204
epoch_96batch_32_input,14818.589
epoch_97batch_33_input,8473.264
epoch_98batch_34_input,8652.636
epoch_99batch_35_input,12728.422
epoch_100batch_36_input,4336.286
epoch_101batch_37_input,9616.899
epoch_102batch_38_input,5568.572
epoch_103batch_39_input,5554.6094
epoch_104batch_40_input,5759.768
epoch_105batch_41_input,5548.717
epoch_106batch_42_input,12735.311
epoch_107batch_43_input,14815.859
epoch_108batch_44_input,4336.3403
epoch_109batch_45_input,6228.6904
epoch_110batch_46_input,6488.783
epoch_111batch_47_input,6491.3506
epoch_112batch_48_input,12730.911
epoch_113batch_49_input,5670.69
epoch_114batch_50_input,14810.222
epoch_115batch_51_input,5702.6787
epoch_116batch_52_input,13623.131
epoch_117batch_53_input,12730.0205
epoch_118batch_54_input,5919.409
epoch_119batch_55_input,6416.023
epoch_120batch_56_input,4526.9023
epoch_121batch_57_input,14814.682
epoch_122batch_58_input,5665.971
epoch_123batch_59_input,4337.579
epoch_124batch_60_input,12729.961
epoch_125batch_61_input,14815.972
epoch_126batch_62_input,6495.399
epoch_127batch_63_input,5945.387
epoch_128batch_0_input,11322.812
epoch_129batch_1_input,11325.598
epoch_130batch_2_input,9454.764
epoch_131batch_3_input,10598.085
epoch_132batch_4_input,6869.823
epoch_133batch_5_input,11999.281
epoch_134batch_6_input,7473.328
epoch_135batch_7_input,8234.588
epoch_136batch_8_input,10866.769
epoch_137batch_9_input,9510.969
epoch_138batch_10_input,5812.59
epoch_139batch_11_input,6885.7876
epoch_140batch_12_input,9354.245
epoch_141batch_13_input,12004.574
epoch_142batch_14_input,7115.413
epoch_143batch_15_input,11324.987
epoch_144batch_16_input,7888.297
epoch_145batch_17_input,10866.404
epoch_146batch_18_input,6710.9243
epoch_147batch_19_input,11321.954
epoch_148batch_20_input,7102.837
epoch_149batch_21_input,11317.915
epoch_150batch_22_input,7115.0195
epoch_151batch_23_input,10591.912
epoch_152batch_24_input,9243.255
epoch_153batch_25_input,8236.978
epoch_154batch_26_input,6832.714
epoch_155batch_27_input,10336.069
epoch_156batch_28_input,9413.633
epoch_157batch_29_input,10628.749
epoch_158batch_30_input,9209.279
epoch_159batch_31_input,6910.2275
epoch_160batch_32_input,7092.6787
epoch_161batch_33_input,8228.012
epoch_162batch_34_input,18709.0
epoch_163batch_35_input,9270.627
epoch_164batch_36_input,7205.8525
epoch_165batch_37_input,9755.815
epoch_166batch_38_input,7684.4375
epoch_167batch_39_input,6704.2314
epoch_168batch_40_input,9516.748
epoch_169batch_41_input,11322.262
epoch_170batch_42_input,10633.18
epoch_171batch_43_input,7867.913
epoch_172batch_44_input,11323.0
epoch_173batch_45_input,8998.057
epoch_174batch_46_input,10595.91
epoch_175batch_47_input,7103.315
epoch_176batch_48_input,9228.558
epoch_177batch_49_input,11323.142
epoch_178batch_50_input,10634.803
epoch_179batch_51_input,9803.487
epoch_180batch_52_input,8229.426
epoch_181batch_53_input,9456.047
epoch_182batch_54_input,10864.445
epoch_183batch_55_input,11320.24
epoch_184batch_56_input,11321.623
epoch_185batch_57_input,10616.706
epoch_186batch_58_input,9770.057
epoch_187batch_59_input,18708.809
epoch_188batch_60_input,8229.451
epoch_189batch_61_input,9025.969
epoch_190batch_62_input,10859.589
epoch_191batch_63_input,9114.646
epoch_192batch_0_input,6439.583
epoch_193batch_1_input,6623.9717
epoch_194batch_2_input,14082.889
epoch_195batch_3_input,14083.158
epoch_196batch_4_input,6269.434
epoch_197batch_5_input,6498.7314
epoch_198batch_6_input,6290.38
epoch_199batch_7_input,5431.672
epoch_200batch_8_input,5172.3813
epoch_201batch_9_input,6491.335
epoch_202batch_10_input,9451.659
epoch_203batch_11_input,5020.3896
epoch_204batch_12_input,9383.773
epoch_205batch_13_input,15080.935
epoch_206batch_14_input,6258.156
epoch_207batch_15_input,6488.081
epoch_208batch_16_input,9428.079
epoch_209batch_17_input,6289.476
epoch_210batch_18_input,7447.294
epoch_211batch_19_input,13983.008
epoch_212batch_20_input,6504.1216
epoch_213batch_21_input,6507.532
epoch_214batch_22_input,7449.797
epoch_215batch_23_input,6506.04
epoch_216batch_24_input,6541.4165
epoch_217batch_25_input,7447.042
epoch_218batch_26_input,14160.445
epoch_219batch_27_input,6094.6284
epoch_220batch_28_input,5416.065
epoch_221batch_29_input,6112.6445
epoch_222batch_30_input,14079.675
epoch_223batch_31_input,6280.6626
epoch_224batch_32_input,15076.99
epoch_225batch_33_input,13974.713
epoch_226batch_34_input,7003.292
epoch_227batch_35_input,6421.6304
epoch_228batch_36_input,6464.794
epoch_229batch_37_input,14160.481
epoch_230batch_38_input,15070.169
epoch_231batch_39_input,5023.981
epoch_232batch_40_input,6985.2236
epoch_233batch_41_input,6297.449
epoch_234batch_42_input,6251.1567
epoch_235batch_43_input,14374.136
epoch_236batch_44_input,5023.1694
epoch_237batch_45_input,7458.9556
epoch_238batch_46_input,6528.4863
epoch_239batch_47_input,6193.405
epoch_240batch_48_input,14162.025
epoch_241batch_49_input,14079.256
epoch_242batch_50_input,6729.366
epoch_243batch_51_input,8582.894
epoch_244batch_52_input,8514.665
epoch_245batch_53_input,5422.1025
epoch_246batch_54_input,8075.9595
epoch_247batch_55_input,14160.537
epoch_248batch_56_input,13990.31
epoch_249batch_57_input,8177.6377
epoch_250batch_58_input,5415.1533
epoch_251batch_59_input,14162.123
epoch_252batch_60_input,6512.2085
epoch_253batch_61_input,9390.133
epoch_254batch_62_input,8275.219
epoch_255batch_63_input,6656.225
epoch_256batch_0_input,8102.3135
epoch_257batch_1_input,7894.6665
epoch_258batch_2_input,9814.639
epoch_259batch_3_input,7759.5454
epoch_260batch_4_input,7557.7695
epoch_261batch_5_input,7264.1045
epoch_262batch_6_input,7265.6357
epoch_263batch_7_input,9423.876
epoch_264batch_8_input,7739.4663
epoch_265batch_9_input,13268.44
epoch_266batch_10_input,7994.1357
epoch_267batch_11_input,12531.831
epoch_268batch_12_input,6030.282
epoch_269batch_13_input,6258.5264
epoch_270batch_14_input,13270.1875
epoch_271batch_15_input,8608.474
epoch_272batch_16_input,12642.612
epoch_273batch_17_input,8004.7
epoch_274batch_18_input,13269.833
epoch_275batch_19_input,8063.2666
epoch_276batch_20_input,6604.035
epoch_277batch_21_input,12615.86
epoch_278batch_22_input,8116.7295
epoch_279batch_23_input,16353.2705
epoch_280batch_24_input,7496.411
epoch_281batch_25_input,13158.231
epoch_282batch_26_input,9332.198
epoch_283batch_27_input,12532.674
epoch_284batch_28_input,12532.087
epoch_285batch_29_input,12639.8
epoch_286batch_30_input,12613.59
epoch_287batch_31_input,8152.2695
epoch_288batch_32_input,7670.5063
epoch_289batch_33_input,7266.685
epoch_290batch_34_input,7265.8135
epoch_291batch_35_input,13265.614
epoch_292batch_36_input,7359.286
epoch_293batch_37_input,13261.967
epoch_294batch_38_input,8054.1045
epoch_295batch_39_input,7270.4478
epoch_296batch_40_input,12531.998
epoch_297batch_41_input,8989.897
epoch_298batch_42_input,6358.169
epoch_299batch_43_input,9313.556
epoch_300batch_44_input,7722.069
epoch_301batch_45_input,7270.2383
epoch_302batch_46_input,6233.1826
epoch_303batch_47_input,16354.403
epoch_304batch_48_input,7362.501
epoch_305batch_49_input,7583.404
epoch_306batch_50_input,12533.718
epoch_307batch_51_input,6605.7314
epoch_308batch_52_input,6647.3843
epoch_309batch_53_input,7733.4546
epoch_310batch_54_input,6405.343
epoch_311batch_55_input,8071.6265
epoch_312batch_56_input,7709.1562
epoch_313batch_57_input,13266.326
epoch_314batch_58_input,6645.2827
epoch_315batch_59_input,6252.304
epoch_316batch_60_input,13165.232
epoch_317batch_61_input,7269.294
epoch_318batch_62_input,12531.975
epoch_319batch_63_input,9239.809
epoch_320batch_0_input,9103.358
epoch_321batch_1_input,7223.236
epoch_322batch_2_input,7231.8765
epoch_323batch_3_input,5768.012
epoch_324batch_4_input,7672.108
epoch_325batch_5_input,6349.282
epoch_326batch_6_input,6321.311
epoch_327batch_7_input,8533.205
epoch_328batch_8_input,7221.0713
epoch_329batch_9_input,6013.839
epoch_330batch_10_input,7225.1587
epoch_331batch_11_input,10583.482
epoch_332batch_12_input,8073.5483
epoch_333batch_13_input,5518.0117
epoch_334batch_14_input,10582.581
epoch_335batch_15_input,11430.265
epoch_336batch_16_input,6023.0874
epoch_337batch_17_input,7183.0444
epoch_338batch_18_input,14102.956
epoch_339batch_19_input,6023.7954
epoch_340batch_20_input,11434.732
epoch_341batch_21_input,8270.332
epoch_342batch_22_input,14127.875
epoch_343batch_23_input,7170.7046
epoch_344batch_24_input,14135.089
epoch_345batch_25_input,8285.771
epoch_346batch_26_input,5764.6963
epoch_347batch_27_input,5713.778
epoch_348batch_28_input,7232.319
epoch_349batch_29_input,7255.8164
epoch_350batch_30_input,7956.4507
epoch_351batch_31_input,6024.5713
epoch_352batch_32_input,10582.878
epoch_353batch_33_input,7868.7812
epoch_354batch_34_input,8105.7056
epoch_355batch_35_input,14136.276
epoch_356batch_36_input,8147.568
epoch_357batch_37_input,14131.117
epoch_358batch_38_input,7272.3193
epoch_359batch_39_input,6020.1353
epoch_360batch_40_input,11947.7705
epoch_361batch_41_input,5435.0444
epoch_362batch_42_input,6021.477
epoch_363batch_43_input,14137.947
epoch_364batch_44_input,8168.2876
epoch_365batch_45_input,7505.068
epoch_366batch_46_input,11947.834
epoch_367batch_47_input,6365.8057
epoch_368batch_48_input,5786.7734
epoch_369batch_49_input,6020.3257
epoch_370batch_50_input,10582.638
epoch_371batch_51_input,6023.624
epoch_372batch_52_input,7944.707
epoch_373batch_53_input,6020.8584
epoch_374batch_54_input,11938.153
epoch_375batch_55_input,10581.812
epoch_376batch_56_input,5799.603
epoch_377batch_57_input,7236.8584
epoch_378batch_58_input,10582.6455
epoch_379batch_59_input,5711.133
epoch_380batch_60_input,5701.4517
epoch_381batch_61_input,6022.564
epoch_382batch_62_input,6020.8276
epoch_383batch_63_input,7951.0986
epoch_384batch_0_input,8318.906
epoch_385batch_1_input,6374.51
epoch_386batch_2_input,7938.5376
epoch_387batch_3_input,8665.338
epoch_388batch_4_input,12098.313
epoch_389batch_5_input,6891.423
epoch_390batch_6_input,11444.942
epoch_391batch_7_input,8728.252
epoch_392batch_8_input,6912.206
epoch_393batch_9_input,6909.6025
epoch_394batch_10_input,6873.9463
epoch_395batch_11_input,7938.025
epoch_396batch_12_input,8785.361
epoch_397batch_13_input,6959.181
epoch_398batch_14_input,11819.762
epoch_399batch_15_input,12090.269
epoch_400batch_16_input,6912.1797
epoch_401batch_17_input,12351.135
epoch_402batch_18_input,7941.8267
epoch_403batch_19_input,10356.113
epoch_404batch_20_input,12342.283
epoch_405batch_21_input,8282.279
epoch_406batch_22_input,12346.136
epoch_407batch_23_input,12346.426
epoch_408batch_24_input,8361.382
epoch_409batch_25_input,12346.847
epoch_410batch_26_input,8173.057
epoch_411batch_27_input,11817.161
epoch_412batch_28_input,12097.849
epoch_413batch_29_input,12346.165
epoch_414batch_30_input,12332.221
epoch_415batch_31_input,8359.248
epoch_416batch_32_input,8529.018
epoch_417batch_33_input,6231.821
epoch_418batch_34_input,9709.273
epoch_419batch_35_input,12351.409
epoch_420batch_36_input,12093.349
epoch_421batch_37_input,8569.822
epoch_422batch_38_input,11819.596
epoch_423batch_39_input,7596.3936
epoch_424batch_40_input,7987.2773
epoch_425batch_41_input,7953.5796
epoch_426batch_42_input,6390.3564
epoch_427batch_43_input,6912.0986
epoch_428batch_44_input,5431.787
epoch_429batch_45_input,7505.0986
epoch_430batch_46_input,12102.092
epoch_431batch_47_input,8716.9795
epoch_432batch_48_input,6296.145
epoch_433batch_49_input,11819.869
epoch_434batch_50_input,6245.7197
epoch_435batch_51_input,8369.108
epoch_436batch_52_input,8377.534
epoch_437batch_53_input,8217.221
epoch_438batch_54_input,8469.623
epoch_439batch_55_input,7611.8945
epoch_440batch_56_input,12345.863
epoch_441batch_57_input,8100.1025
epoch_442batch_58_input,17184.098
epoch_443batch_59_input,8198.242
epoch_444batch_60_input,17182.7
epoch_445batch_61_input,9655.356
epoch_446batch_62_input,8583.962
epoch_447batch_63_input,12341.978
epoch_448batch_0_input,11850.413
epoch_449batch_1_input,6551.759
epoch_450batch_2_input,6087.3296
epoch_451batch_3_input,11859.632
epoch_452batch_4_input,8877.256
epoch_453batch_5_input,10450.996
epoch_454batch_6_input,7734.368
epoch_455batch_7_input,8869.795
epoch_456batch_8_input,10875.893
epoch_457batch_9_input,10880.26
epoch_458batch_10_input,6398.8853
epoch_459batch_11_input,7623.3486
epoch_460batch_12_input,10404.083
epoch_461batch_13_input,8587.378
epoch_462batch_14_input,7864.1826
epoch_463batch_15_input,11854.225
epoch_464batch_16_input,11500.432
epoch_465batch_17_input,9159.442
epoch_466batch_18_input,9243.061
epoch_467batch_19_input,9154.631
epoch_468batch_20_input,11857.835
epoch_469batch_21_input,10878.781
epoch_470batch_22_input,8870.865
epoch_471batch_23_input,6107.841
epoch_472batch_24_input,17707.16
epoch_473batch_25_input,7646.05
epoch_474batch_26_input,10404.514
epoch_475batch_27_input,11499.594
epoch_476batch_28_input,8963.742
epoch_477batch_29_input,10877.917
epoch_478batch_30_input,10385.757
epoch_479batch_31_input,11861.792
epoch_480batch_32_input,6544.4443
epoch_481batch_33_input,10416.076
epoch_482batch_34_input,10881.143
epoch_483batch_35_input,9365.979
epoch_484batch_36_input,10874.467
epoch_485batch_37_input,10412.842
epoch_486batch_38_input,9929.6875
epoch_487batch_39_input,8871.514
epoch_488batch_40_input,6442.076
epoch_489batch_41_input,8873.95
epoch_490batch_42_input,9174.049
epoch_491batch_43_input,8711.398
epoch_492batch_44_input,6074.639
epoch_493batch_45_input,6104.7754
epoch_494batch_46_input,5460.7593
epoch_495batch_47_input,10878.49
epoch_496batch_48_input,10874.225
epoch_497batch_49_input,10033.732
epoch_498batch_50_input,6401.6196
epoch_499batch_51_input,11500.099
epoch_500batch_52_input,8875.842
epoch_501batch_53_input,11861.015
epoch_502batch_54_input,9444.998
epoch_503batch_55_input,11501.601
epoch_504batch_56_input,10366.771
epoch_505batch_57_input,10380.838
epoch_506batch_58_input,8449.202
epoch_507batch_59_input,11499.931
epoch_508batch_60_input,8874.689
epoch_509batch_61_input,8931.462
epoch_510batch_62_input,10414.096
epoch_511batch_63_input,9170.029
epoch_512batch_0_input,6585.8594
epoch_513batch_1_input,9524.874
epoch_514batch_2_input,8667.372
epoch_515batch_3_input,6397.407
epoch_516batch_4_input,12581.529
epoch_517batch_5_input,7191.0967
epoch_518batch_6_input,7190.333
epoch_519batch_7_input,9571.429
epoch_520batch_8_input,7202.4326
epoch_521batch_9_input,6435.666
epoch_522batch_10_input,6763.061
epoch_523batch_11_input,15238.661
epoch_524batch_12_input,12588.752
epoch_525batch_13_input,6417.7236
epoch_526batch_14_input,6444.3276
epoch_527batch_15_input,6439.8525
epoch_528batch_16_input,12584.162
epoch_529batch_17_input,13698.328
epoch_530batch_18_input,14558.794
epoch_531batch_19_input,6727.6772
epoch_532batch_20_input,4823.497
epoch_533batch_21_input,15239.039
epoch_534batch_22_input,6563.4897
epoch_535batch_23_input,5885.3726
epoch_536batch_24_input,6186.1226
epoch_537batch_25_input,7521.294
epoch_538batch_26_input,13701.692
epoch_539batch_27_input,6572.982
epoch_540batch_28_input,6733.501
epoch_541batch_29_input,6386.937
epoch_542batch_30_input,6739.754
epoch_543batch_31_input,15241.2
epoch_544batch_32_input,12511.693
epoch_545batch_33_input,5087.0806
epoch_546batch_34_input,12579.857
epoch_547batch_35_input,6338.37
epoch_548batch_36_input,6391.4473
epoch_549batch_37_input,14561.49
epoch_550batch_38_input,15239.667
epoch_551batch_39_input,7344.3955
epoch_552batch_40_input,12576.464
epoch_553batch_41_input,6315.444
epoch_554batch_42_input,6255.47
epoch_555batch_43_input,6678.9766
epoch_556batch_44_input,6199.294
epoch_557batch_45_input,12578.125
epoch_558batch_46_input,7525.694
epoch_559batch_47_input,7526.587
epoch_560batch_48_input,6468.6265
epoch_561batch_49_input,15223.936
epoch_562batch_50_input,6193.096
epoch_563batch_51_input,7187.4766
epoch_564batch_52_input,12581.303
epoch_565batch_53_input,7526.8955
epoch_566batch_54_input,6582.468
epoch_567batch_55_input,7530.915
epoch_568batch_56_input,12487.655
epoch_569batch_57_input,15232.428
epoch_570batch_58_input,6846.1953
epoch_571batch_59_input,6728.5303
epoch_572batch_60_input,13699.711
epoch_573batch_61_input,10645.604
epoch_574batch_62_input,6556.1797
epoch_575batch_63_input,7525.642
epoch_576batch_0_input,6801.146
epoch_577batch_1_input,11846.187
epoch_578batch_2_input,8973.72
epoch_579batch_3_input,12499.169
epoch_580batch_4_input,7890.16
epoch_581batch_5_input,6952.286
epoch_582batch_6_input,11841.767
epoch_583batch_7_input,6370.2734
epoch_584batch_8_input,7278.1455
epoch_585batch_9_input,11845.585
epoch_586batch_10_input,11834.623
epoch_587batch_11_input,6104.0576
epoch_588batch_12_input,7246.3594
epoch_589batch_13_input,6994.8076
epoch_590batch_14_input,12501.928
epoch_591batch_15_input,6971.372
epoch_592batch_16_input,11217.881
epoch_593batch_17_input,7988.204
epoch_594batch_18_input,8076.6733
epoch_595batch_19_input,11219.225
epoch_596batch_20_input,12502.65
epoch_597batch_21_input,6178.7627
epoch_598batch_22_input,8686.674
epoch_599batch_23_input,8641.794
epoch_600batch_24_input,7067.7876
epoch_601batch_25_input,6638.992
epoch_602batch_26_input,12508.639
epoch_603batch_27_input,6043.661
epoch_604batch_28_input,11843.218
epoch_605batch_29_input,7073.5967
epoch_606batch_30_input,8040.622
epoch_607batch_31_input,7069.911
epoch_608batch_32_input,7961.1807
epoch_609batch_33_input,8630.86
epoch_610batch_34_input,8023.729
epoch_611batch_35_input,11218.244
epoch_612batch_36_input,8653.363
epoch_613batch_37_input,6761.073
epoch_614batch_38_input,6688.279
epoch_615batch_39_input,11217.521
epoch_616batch_40_input,5243.022
epoch_617batch_41_input,8975.112
epoch_618batch_42_input,6406.87
epoch_619batch_43_input,12503.597
epoch_620batch_44_input,6962.8975
epoch_621batch_45_input,6003.159
epoch_622batch_46_input,7939.2954
epoch_623batch_47_input,5243.81
epoch_624batch_48_input,9675.078
epoch_625batch_49_input,6759.2915
epoch_626batch_50_input,7763.2827
epoch_627batch_51_input,11838.607
epoch_628batch_52_input,7764.5537
epoch_629batch_53_input,12498.93
epoch_630batch_54_input,11843.974
epoch_631batch_55_input,7891.2915
epoch_632batch_56_input,9485.969
epoch_633batch_57_input,6804.3
epoch_634batch_58_input,11365.7
epoch_635batch_59_input,8451.893
epoch_636batch_60_input,7986.392
epoch_637batch_61_input,7937.139
epoch_638batch_62_input,8662.926
epoch_639batch_63_input,7069.947
epoch_640batch_0_input,9530.245
epoch_641batch_1_input,6358.249
epoch_642batch_2_input,7314.643
epoch_643batch_3_input,6841.1484
epoch_644batch_4_input,11735.447
epoch_645batch_5_input,10108.35
epoch_646batch_6_input,8708.1875
epoch_647batch_7_input,11920.04
epoch_648batch_8_input,11229.094
epoch_649batch_9_input,5740.519
epoch_650batch_10_input,8649.119
epoch_651batch_11_input,6839.4053
epoch_652batch_12_input,9016.028
epoch_653batch_13_input,7249.5273
epoch_654batch_14_input,6388.3984
epoch_655batch_15_input,5733.3135
epoch_656batch_16_input,11928.041
epoch_657batch_17_input,11696.737
epoch_658batch_18_input,6364.3833
epoch_659batch_19_input,13200.049
epoch_660batch_20_input,13201.633
epoch_661batch_21_input,13210.193
epoch_662batch_22_input,11229.6875
epoch_663batch_23_input,6333.87
epoch_664batch_24_input,8887.459
epoch_665batch_25_input,6838.2866
epoch_666batch_26_input,11925.092
epoch_667batch_27_input,8631.127
epoch_668batch_28_input,8634.656
epoch_669batch_29_input,7251.514
epoch_670batch_30_input,10363.438
epoch_671batch_31_input,8674.376
epoch_672batch_32_input,7548.4062
epoch_673batch_33_input,9200.927
epoch_674batch_34_input,6467.88
epoch_675batch_35_input,11229.163
epoch_676batch_36_input,6980.0376
epoch_677batch_37_input,11229.1455
epoch_678batch_38_input,10158.283
epoch_679batch_39_input,7251.5054
epoch_680batch_40_input,11230.049
epoch_681batch_41_input,7254.8687
epoch_682batch_42_input,13211.617
epoch_683batch_43_input,11224.5625
epoch_684batch_44_input,8400.627
epoch_685batch_45_input,8234.123
epoch_686batch_46_input,11223.79
epoch_687batch_47_input,7246.616
epoch_688batch_48_input,6866.3696
epoch_689batch_49_input,9105.869
epoch_690batch_50_input,8292.545
epoch_691batch_51_input,10339.036
epoch_692batch_52_input,7529.2275
epoch_693batch_53_input,6874.5537
epoch_694batch_54_input,8439.111
epoch_695batch_55_input,17987.633
epoch_696batch_56_input,6842.259
epoch_697batch_57_input,6528.648
epoch_698batch_58_input,8393.178
epoch_699batch_59_input,11919.78
epoch_700batch_60_input,13206.747
epoch_701batch_61_input,11925.1875
epoch_702batch_62_input,11925.919
epoch_703batch_63_input,7565.9624
epoch_704batch_0_input,7426.3955
epoch_705batch_1_input,7920.6094
epoch_706batch_2_input,12353.893
epoch_707batch_3_input,6415.879
epoch_708batch_4_input,11549.006
epoch_709batch_5_input,7514.475
epoch_710batch_6_input,12349.382
epoch_711batch_7_input,7230.026
epoch_712batch_8_input,7341.9077
epoch_713batch_9_input,6293.8467
epoch_714batch_10_input,6284.932
epoch_715batch_11_input,7978.6235
epoch_716batch_12_input,7549.913
epoch_717batch_13_input,5969.0615
epoch_718batch_14_input,7326.5283
epoch_719batch_15_input,6646.8467
epoch_720batch_16_input,11549.615
epoch_721batch_17_input,6880.737
epoch_722batch_18_input,12353.615
epoch_723batch_19_input,5482.3374
epoch_724batch_20_input,12353.661
epoch_725batch_21_input,7433.2617
epoch_726batch_22_input,7317.7397
epoch_727batch_23_input,7494.208
epoch_728batch_24_input,5899.132
epoch_729batch_25_input,7114.1953
epoch_730batch_26_input,6292.935
epoch_731batch_27_input,11549.956
epoch_732batch_28_input,12323.94
epoch_733batch_29_input,12354.039
epoch_734batch_30_input,12344.252
epoch_735batch_31_input,12353.186
epoch_736batch_32_input,9365.58
epoch_737batch_33_input,6291.493
epoch_738batch_34_input,7530.7764
epoch_739batch_35_input,5492.6704
epoch_740batch_36_input,6649.169
epoch_741batch_37_input,6663.751
epoch_742batch_38_input,7536.1064
epoch_743batch_39_input,7486.526
epoch_744batch_40_input,5970.745
epoch_745batch_41_input,6296.0244
epoch_746batch_42_input,12352.289
epoch_747batch_43_input,6284.684
epoch_748batch_44_input,12356.391
epoch_749batch_45_input,6651.5547
epoch_750batch_46_input,13554.924
epoch_751batch_47_input,6295.672
epoch_752batch_48_input,7547.2515
epoch_753batch_49_input,7895.905
epoch_754batch_50_input,7464.241
epoch_755batch_51_input,6297.3037
epoch_756batch_52_input,8050.63
epoch_757batch_53_input,11549.646
epoch_758batch_54_input,7367.569
epoch_759batch_55_input,7307.546
epoch_760batch_56_input,7305.1836
epoch_761batch_57_input,7076.6807
epoch_762batch_58_input,7900.475
epoch_763batch_59_input,11549.458
epoch_764batch_60_input,13561.675
epoch_765batch_61_input,6291.553
epoch_766batch_62_input,7752.4033
epoch_767batch_63_input,7455.0225
epoch_768batch_0_input,6662.06
epoch_769batch_1_input,9103.737
epoch_770batch_2_input,6597.458
epoch_771batch_3_input,8158.557
epoch_772batch_4_input,6659.325
epoch_773batch_5_input,6809.0063
epoch_774batch_6_input,6672.078
epoch_775batch_7_input,7578.495
epoch_776batch_8_input,13164.359
epoch_777batch_9_input,13871.198
epoch_778batch_10_input,7035.018
epoch_779batch_11_input,7588.936
epoch_780batch_12_input,13146.639
epoch_781batch_13_input,13845.536
epoch_782batch_14_input,6662.975
epoch_783batch_15_input,9146.53
epoch_784batch_16_input,13872.231
epoch_785batch_17_input,7568.078
epoch_786batch_18_input,4990.4473
epoch_787batch_19_input,9174.825
epoch_788batch_20_input,6661.665
epoch_789batch_21_input,6602.0884
epoch_790batch_22_input,6328.9644
epoch_791batch_23_input,4991.515
epoch_792batch_24_input,7140.1494
epoch_793batch_25_input,7129.992
epoch_794batch_26_input,6652.775
epoch_795batch_27_input,13182.531
epoch_796batch_28_input,13110.315
epoch_797batch_29_input,7569.3696
epoch_798batch_30_input,15031.7705
epoch_799batch_31_input,6375.485
epoch_800batch_32_input,6258.9873
epoch_801batch_33_input,7594.1084
epoch_802batch_34_input,6337.0713
epoch_803batch_35_input,13200.0625
epoch_804batch_36_input,6774.522
epoch_805batch_37_input,13144.537
epoch_806batch_38_input,5377.7227
epoch_807batch_39_input,6734.3374
epoch_808batch_40_input,6660.452
epoch_809batch_41_input,9115.265
epoch_810batch_42_input,13848.034
epoch_811batch_43_input,6583.8203
epoch_812batch_44_input,5708.3613
epoch_813batch_45_input,13267.503
epoch_814batch_46_input,8795.986
epoch_815batch_47_input,5628.3423
epoch_816batch_48_input,5356.9766
epoch_817batch_49_input,5639.085
epoch_818batch_50_input,6782.975
epoch_819batch_51_input,7083.464
epoch_820batch_52_input,15031.081
epoch_821batch_53_input,6979.2017
epoch_822batch_54_input,13255.221
epoch_823batch_55_input,13273.742
epoch_824batch_56_input,13864.672
epoch_825batch_57_input,13273.622
epoch_826batch_58_input,5644.2163
epoch_827batch_59_input,6265.5034
epoch_828batch_60_input,6658.491
epoch_829batch_61_input,6658.776
epoch_830batch_62_input,6780.986
epoch_831batch_63_input,8314.598
epoch_832batch_0_input,8266.8125
epoch_833batch_1_input,12835.371
epoch_834batch_2_input,11920.428
epoch_835batch_3_input,7235.8696
epoch_836batch_4_input,6993.1626
epoch_837batch_5_input,7624.918
epoch_838batch_6_input,7949.6494
epoch_839batch_7_input,7619.836
epoch_840batch_8_input,6997.397
epoch_841batch_9_input,16580.426
epoch_842batch_10_input,12424.173
epoch_843batch_11_input,8130.0796
epoch_844batch_12_input,7621.9062
epoch_845batch_13_input,6995.7686
epoch_846batch_14_input,7624.125
epoch_847batch_15_input,12243.284
epoch_848batch_16_input,9571.759
epoch_849batch_17_input,7625.758
epoch_850batch_18_input,8331.211
epoch_851batch_19_input,9623.498
epoch_852batch_20_input,6997.4126
epoch_853batch_21_input,7951.422
epoch_854batch_22_input,9574.124
epoch_855batch_23_input,12425.185
epoch_856batch_24_input,6361.866
epoch_857batch_25_input,9622.452
epoch_858batch_26_input,6004.311
epoch_859batch_27_input,12842.9795
epoch_860batch_28_input,11967.237
epoch_861batch_29_input,8047.0923
epoch_862batch_30_input,7242.867
epoch_863batch_31_input,12246.444
epoch_864batch_32_input,8851.004
epoch_865batch_33_input,8429.323
epoch_866batch_34_input,8160.19
epoch_867batch_35_input,9557.1
epoch_868batch_36_input,7938.0923
epoch_869batch_37_input,12835.81
epoch_870batch_38_input,9601.342
epoch_871batch_39_input,6548.227
epoch_872batch_40_input,7727.618
epoch_873batch_41_input,8360.155
epoch_874batch_42_input,8216.794
epoch_875batch_43_input,12837.846
epoch_876batch_44_input,12421.489
epoch_877batch_45_input,12429.125
epoch_878batch_46_input,9599.111
epoch_879batch_47_input,8342.097
epoch_880batch_48_input,7776.6787
epoch_881batch_49_input,6010.953
epoch_882batch_50_input,12245.052
epoch_883batch_51_input,12420.867
epoch_884batch_52_input,12838.648
epoch_885batch_53_input,9708.916
epoch_886batch_54_input,7738.586
epoch_887batch_55_input,11926.57
epoch_888batch_56_input,11965.861
epoch_889batch_57_input,7873.3853
epoch_890batch_58_input,7618.9663
epoch_891batch_59_input,11967.007
epoch_892batch_60_input,6015.9717
epoch_893batch_61_input,7919.236
epoch_894batch_62_input,11966.26
epoch_895batch_63_input,9282.721
epoch_896batch_0_input,5728.2812
epoch_897batch_1_input,14008.834
epoch_898batch_2_input,6470.4595
epoch_899batch_3_input,4966.737
epoch_900batch_4_input,6317.5986
epoch_901batch_5_input,13555.758
epoch_902batch_6_input,8051.8486
epoch_903batch_7_input,6436.8564
epoch_904batch_8_input,6220.0107
epoch_905batch_9_input,13455.139
epoch_906batch_10_input,6586.8906
epoch_907batch_11_input,5450.1953
epoch_908batch_12_input,15062.541
epoch_909batch_13_input,5427.6855
epoch_910batch_14_input,14005.067
epoch_911batch_15_input,4905.068
epoch_912batch_16_input,6451.958
epoch_913batch_17_input,6115.587
epoch_914batch_18_input,5498.7725
epoch_915batch_19_input,14008.646
epoch_916batch_20_input,6881.4727
epoch_917batch_21_input,5730.3623
epoch_918batch_22_input,5559.9253
epoch_919batch_23_input,6413.9414
epoch_920batch_24_input,5728.3516
epoch_921batch_25_input,8057.5444
epoch_922batch_26_input,5725.3843
epoch_923batch_27_input,4900.6895
epoch_924batch_28_input,5453.097
epoch_925batch_29_input,6465.0024
epoch_926batch_30_input,5730.4033
epoch_927batch_31_input,6709.483
epoch_928batch_32_input,13562.305
epoch_929batch_33_input,4901.7104
epoch_930batch_34_input,5726.704
epoch_931batch_35_input,13438.592
epoch_932batch_36_input,6378.257
epoch_933batch_37_input,8025.324
epoch_934batch_38_input,14017.295
epoch_935batch_39_input,12661.567
epoch_936batch_40_input,7428.611
epoch_937batch_41_input,4994.2764
epoch_938batch_42_input,7378.802
epoch_939batch_43_input,13559.619
epoch_940batch_44_input,8072.854
epoch_941batch_45_input,6278.8774
epoch_942batch_46_input,5728.094
epoch_943batch_47_input,6826.5244
epoch_944batch_48_input,4901.7046
epoch_945batch_49_input,12662.408
epoch_946batch_50_input,5727.205
epoch_947batch_51_input,6753.6196
epoch_948batch_52_input,5724.1953
epoch_949batch_53_input,13559.058
epoch_950batch_54_input,5722.921
epoch_951batch_55_input,13554.439
epoch_952batch_56_input,5722.792
epoch_953batch_57_input,6428.6274
epoch_954batch_58_input,13558.55
epoch_955batch_59_input,5432.632
epoch_956batch_60_input,5445.919
epoch_957batch_61_input,6612.655
epoch_958batch_62_input,6360.5615
epoch_959batch_63_input,5724.008
epoch_960batch_0_input,8866.233
epoch_961batch_1_input,6512.8306
epoch_962batch_2_input,14300.034
epoch_963batch_3_input,14300.888
epoch_964batch_4_input,13937.575
epoch_965batch_5_input,7922.964
epoch_966batch_6_input,7885.3594
epoch_967batch_7_input,6271.1846
epoch_968batch_8_input,5987.6426
epoch_969batch_9_input,14294.646
epoch_970batch_10_input,5306.755
epoch_971batch_11_input,13946.075
epoch_972batch_12_input,6276.741
epoch_973batch_13_input,6273.827
epoch_974batch_14_input,6270.6646
epoch_975batch_15_input,6376.0127
epoch_976batch_16_input,7828.229
epoch_977batch_17_input,6417.923
epoch_978batch_18_input,14746.328
epoch_979batch_19_input,6567.7515
epoch_980batch_20_input,6270.7583
epoch_981batch_21_input,6261.788
epoch_982batch_22_input,7479.716
epoch_983batch_23_input,6270.8643
epoch_984batch_24_input,6282.623
epoch_985batch_25_input,7376.757
epoch_986batch_26_input,13443.648
epoch_987batch_27_input,5319.559
epoch_988batch_28_input,13823.57
epoch_989batch_29_input,14298.701
epoch_990batch_30_input,6268.117
epoch_991batch_31_input,7256.4805
epoch_992batch_32_input,6748.9453
epoch_993batch_33_input,8169.3896
epoch_994batch_34_input,6450.4697
epoch_995batch_35_input,14741.391
epoch_996batch_36_input,13939.096
epoch_997batch_37_input,6465.8467
epoch_998batch_38_input,7314.003
epoch_999batch_39_input,8079.154
epoch_1000batch_40_input,5337.422
epoch_1001batch_41_input,8019.0796
epoch_1002batch_42_input,5044.086
epoch_1003batch_43_input,6844.768
epoch_1004batch_44_input,5305.184
epoch_1005batch_45_input,8851.891
epoch_1006batch_46_input,6269.092
epoch_1007batch_47_input,13949.135
epoch_1008batch_48_input,6270.7056
epoch_1009batch_49_input,7987.4854
epoch_1010batch_50_input,6275.73
epoch_1011batch_51_input,8857.041
epoch_1012batch_52_input,7470.7056
epoch_1013batch_53_input,14745.307
epoch_1014batch_54_input,5327.505
epoch_1015batch_55_input,6254.6626
epoch_1016batch_56_input,14278.391
epoch_1017batch_57_input,6418.331
epoch_1018batch_58_input,6985.956
epoch_1019batch_59_input,13943.005
epoch_1020batch_60_input,8118.814
epoch_1021batch_61_input,6434.6953
epoch_1022batch_62_input,5380.167
epoch_1023batch_63_input,5298.049
epoch_1024batch_0_input,12874.135
epoch_1025batch_1_input,8958.041
epoch_1026batch_2_input,12042.804
epoch_1027batch_3_input,9274.092
epoch_1028batch_4_input,12869.047
epoch_1029batch_5_input,9921.787
epoch_1030batch_6_input,12871.697
epoch_1031batch_7_input,12870.291
epoch_1032batch_8_input,9491.516
epoch_1033batch_9_input,8974.846
epoch_1034batch_10_input,7867.53
epoch_1035batch_11_input,11479.618
epoch_1036batch_12_input,7870.0557
epoch_1037batch_13_input,18331.418
epoch_1038batch_14_input,7366.1313
epoch_1039batch_15_input,7762.128
epoch_1040batch_16_input,7025.949
epoch_1041batch_17_input,9007.861
epoch_1042batch_18_input,11480.371
epoch_1043batch_19_input,7869.0156
epoch_1044batch_20_input,7871.5273
epoch_1045batch_21_input,9099.048
epoch_1046batch_22_input,7163.8594
epoch_1047batch_23_input,12858.771
epoch_1048batch_24_input,9974.424
epoch_1049batch_25_input,12831.301
epoch_1050batch_26_input,7874.596
epoch_1051batch_27_input,6957.6577
epoch_1052batch_28_input,7724.6343
epoch_1053batch_29_input,9023.174
epoch_1054batch_30_input,9285.971
epoch_1055batch_31_input,5946.388
epoch_1056batch_32_input,7009.9873
epoch_1057batch_33_input,9979.552
epoch_1058batch_34_input,12871.553
epoch_1059batch_35_input,9928.528
epoch_1060batch_36_input,12021.333
epoch_1061batch_37_input,12043.322
epoch_1062batch_38_input,12045.92
epoch_1063batch_39_input,12869.527
epoch_1064batch_40_input,12042.697
epoch_1065batch_41_input,10653.458
epoch_1066batch_42_input,7866.6235
epoch_1067batch_43_input,7488.546
epoch_1068batch_44_input,11580.864
epoch_1069batch_45_input,8744.146
epoch_1070batch_46_input,12042.346
epoch_1071batch_47_input,11479.729
epoch_1072batch_48_input,9447.678
epoch_1073batch_49_input,7871.707
epoch_1074batch_50_input,11479.448
epoch_1075batch_51_input,8970.834
epoch_1076batch_52_input,12039.93
epoch_1077batch_53_input,6818.337
epoch_1078batch_54_input,9305.024
epoch_1079batch_55_input,7871.3594
epoch_1080batch_56_input,12044.14
epoch_1081batch_57_input,7852.5107
epoch_1082batch_58_input,12869.303
epoch_1083batch_59_input,9779.083
epoch_1084batch_60_input,12872.448
epoch_1085batch_61_input,6813.4766
epoch_1086batch_62_input,9264.792
epoch_1087batch_63_input,12034.378
epoch_1088batch_0_input,6526.577
epoch_1089batch_1_input,7144.7837
epoch_1090batch_2_input,5716.4717
epoch_1091batch_3_input,6753.111
epoch_1092batch_4_input,13125.481
epoch_1093batch_5_input,6669.9937
epoch_1094batch_6_input,13133.389
epoch_1095batch_7_input,8484.049
epoch_1096batch_8_input,5210.476
epoch_1097batch_9_input,5253.9165
epoch_1098batch_10_input,6653.763
epoch_1099batch_11_input,13714.576
epoch_1100batch_12_input,13717.412
epoch_1101batch_13_input,5310.231
epoch_1102batch_14_input,7369.9077
epoch_1103batch_15_input,13714.385
epoch_1104batch_16_input,6742.6094
epoch_1105batch_17_input,6369.501
epoch_1106batch_18_input,8323.307
epoch_1107batch_19_input,7358.828
epoch_1108batch_20_input,7654.3467
epoch_1109batch_21_input,7642.8877
epoch_1110batch_22_input,6012.1016
epoch_1111batch_23_input,5184.9053
epoch_1112batch_24_input,6722.0264
epoch_1113batch_25_input,7031.664
epoch_1114batch_26_input,8153.888
epoch_1115batch_27_input,6025.327
epoch_1116batch_28_input,6019.211
epoch_1117batch_29_input,6698.7837
epoch_1118batch_30_input,6025.8174
epoch_1119batch_31_input,13132.26
epoch_1120batch_32_input,7313.7554
epoch_1121batch_33_input,6657.1436
epoch_1122batch_34_input,6747.661
epoch_1123batch_35_input,6521.337
epoch_1124batch_36_input,12288.078
epoch_1125batch_37_input,5722.8193
epoch_1126batch_38_input,5005.042
epoch_1127batch_39_input,8396.393
epoch_1128batch_40_input,13131.927
epoch_1129batch_41_input,12278.682
epoch_1130batch_42_input,13661.922
epoch_1131batch_43_input,5005.9575
epoch_1132batch_44_input,6015.081
epoch_1133batch_45_input,6017.653
epoch_1134batch_46_input,5129.4727
epoch_1135batch_47_input,7458.997
epoch_1136batch_48_input,12286.576
epoch_1137batch_49_input,12286.545
epoch_1138batch_50_input,13134.833
epoch_1139batch_51_input,7343.9077
epoch_1140batch_52_input,7418.544
epoch_1141batch_53_input,6752.367
epoch_1142batch_54_input,8198.892
epoch_1143batch_55_input,12959.53
epoch_1144batch_56_input,8147.832
epoch_1145batch_57_input,5160.4834
epoch_1146batch_58_input,6020.4507
epoch_1147batch_59_input,7289.858
epoch_1148batch_60_input,13135.729
epoch_1149batch_61_input,6669.5303
epoch_1150batch_62_input,6022.5986
epoch_1151batch_63_input,7633.958
epoch_1152batch_0_input,12338.73
epoch_1153batch_1_input,6284.268
epoch_1154batch_2_input,7387.1978
epoch_1155batch_3_input,12964.12
epoch_1156batch_4_input,12306.585
epoch_1157batch_5_input,6277.1577
epoch_1158batch_6_input,7352.854
epoch_1159batch_7_input,7385.384
epoch_1160batch_8_input,12305.188
epoch_1161batch_9_input,6412.8027
epoch_1162batch_10_input,12345.758
epoch_1163batch_11_input,12345.635
epoch_1164batch_12_input,8203.482
epoch_1165batch_13_input,7684.718
epoch_1166batch_14_input,12345.398
epoch_1167batch_15_input,7626.925
epoch_1168batch_16_input,5743.407
epoch_1169batch_17_input,7389.728
epoch_1170batch_18_input,8470.419
epoch_1171batch_19_input,6141.7915
epoch_1172batch_20_input,12050.283
epoch_1173batch_21_input,9495.938
epoch_1174batch_22_input,8104.943
epoch_1175batch_23_input,7554.3726
epoch_1176batch_24_input,7558.3984
epoch_1177batch_25_input,7643.221
epoch_1178batch_26_input,8734.554
epoch_1179batch_27_input,6810.229
epoch_1180batch_28_input,6463.3994
epoch_1181batch_29_input,12957.743
epoch_1182batch_30_input,9493.193
epoch_1183batch_31_input,7570.034
epoch_1184batch_32_input,12348.683
epoch_1185batch_33_input,12960.63
epoch_1186batch_34_input,5784.403
epoch_1187batch_35_input,6788.944
epoch_1188batch_36_input,9492.061
epoch_1189batch_37_input,7382.917
epoch_1190batch_38_input,7561.677
epoch_1191batch_39_input,9503.108
epoch_1192batch_40_input,12339.432
epoch_1193batch_41_input,6811.521
epoch_1194batch_42_input,8528.756
epoch_1195batch_43_input,7569.763
epoch_1196batch_44_input,9521.561
epoch_1197batch_45_input,12052.581
epoch_1198batch_46_input,7651.6235
epoch_1199batch_47_input,5785.734
epoch_1200batch_48_input,12305.416
epoch_1201batch_49_input,12306.398
epoch_1202batch_50_input,7646.7554
epoch_1203batch_51_input,12967.558
epoch_1204batch_52_input,7978.6343
epoch_1205batch_53_input,7380.6016
epoch_1206batch_54_input,7569.618
epoch_1207batch_55_input,7571.371
epoch_1208batch_56_input,8911.946
epoch_1209batch_57_input,12052.19
epoch_1210batch_58_input,12306.475
epoch_1211batch_59_input,7505.3
epoch_1212batch_60_input,7535.746
epoch_1213batch_61_input,8476.825
epoch_1214batch_62_input,12305.2
epoch_1215batch_63_input,6805.194
epoch_1216batch_0_input,7482.9326
epoch_1217batch_1_input,12912.421
epoch_1218batch_2_input,5764.81
epoch_1219batch_3_input,7438.927
epoch_1220batch_4_input,7437.411
epoch_1221batch_5_input,9185.014
epoch_1222batch_6_input,7440.0757
epoch_1223batch_7_input,11079.669
epoch_1224batch_8_input,9728.158
epoch_1225batch_9_input,11689.258
epoch_1226batch_10_input,11692.956
epoch_1227batch_11_input,9696.375
epoch_1228batch_12_input,9724.907
epoch_1229batch_13_input,12912.249
epoch_1230batch_14_input,7019.073
epoch_1231batch_15_input,7433.2607
epoch_1232batch_16_input,12916.975
epoch_1233batch_17_input,9463.703
epoch_1234batch_18_input,7511.5938
epoch_1235batch_19_input,10148.987
epoch_1236batch_20_input,7441.3135
epoch_1237batch_21_input,12915.206
epoch_1238batch_22_input,9007.831
epoch_1239batch_23_input,8636.873
epoch_1240batch_24_input,11078.619
epoch_1241batch_25_input,8855.402
epoch_1242batch_26_input,8772.916
epoch_1243batch_27_input,6614.3203
epoch_1244batch_28_input,10208.834
epoch_1245batch_29_input,7436.753
epoch_1246batch_30_input,6769.3135
epoch_1247batch_31_input,7156.243
epoch_1248batch_32_input,6717.0693
epoch_1249batch_33_input,11690.133
epoch_1250batch_34_input,11387.491
epoch_1251batch_35_input,11697.0625
epoch_1252batch_36_input,11079.372
epoch_1253batch_37_input,11080.897
epoch_1254batch_38_input,7442.4873
epoch_1255batch_39_input,11695.849
epoch_1256batch_40_input,8729.89
epoch_1257batch_41_input,7008.284
epoch_1258batch_42_input,8793.832
epoch_1259batch_43_input,11693.764
epoch_1260batch_44_input,8612.016
epoch_1261batch_45_input,7439.4336
epoch_1262batch_46_input,12914.131
epoch_1263batch_47_input,11691.518
epoch_1264batch_48_input,11152.494
epoch_1265batch_49_input,11413.533
epoch_1266batch_50_input,7445.525
epoch_1267batch_51_input,8744.807
epoch_1268batch_52_input,7486.9795
epoch_1269batch_53_input,8558.289
epoch_1270batch_54_input,7437.34
epoch_1271batch_55_input,11691.877
epoch_1272batch_56_input,7435.9116
epoch_1273batch_57_input,11693.765
epoch_1274batch_58_input,11377.35
epoch_1275batch_59_input,6912.0596
epoch_1276batch_60_input,9717.198
epoch_1277batch_61_input,8646.139
epoch_1278batch_62_input,8759.939
epoch_1279batch_63_input,11079.928
